{
  "project_info": {
    "project_number": "342651498394",
    "project_id": "appaulafirebase-6ef0a",
    "storage_bucket": "appaulafirebase-6ef0a.firebasestorage.app"
  },
  "client": [
    {
      "client_info": {
        "mobilesdk_app_id": "1:342651498394:android:76edbe33e7f32c758c1423",
        "android_client_info": {
          "package_name": "com.example.appaulafirebase"
        }
      },
      "oauth_client": [],
      "api_key": [
        {
          "current_key": "AIzaSyByypJr6CYgWEzugzlqH0YJ6z1GSftNUbk"
        }
      ],
      "services": {
        "appinvite_service": {
          "other_platform_oauth_client": []
        }
      }
    }
  ],
  "configuration_version": "1"
}